{
    "name": "Neural Style Transfer",
    "build": {
        "dockerfile": "Dockerfile",
        "context": ".."
    },
    "forwardPorts": [8888],
    "runArgs": [
        "--gpus", "all"
    ],
    "customizations": {
        "vscode": {
            "extensions": [
                "ms-python.python",
                "ms-toolsai.jupyter",
                "ms-azuretools.vscode-docker",
                "github.copilot",
                "github.vscode-pull-request-github",
                "ms-python.vscode-pylance"
            ],
            "settings": {
                "python.defaultInterpreterPath": "/opt/conda/bin/python",
                "python.linting.enabled": true,
                "python.linting.pylintEnabled": true,
                "python.formatting.autopep8Path": "/opt/conda/bin/autopep8",
                "python.formatting.blackPath": "/opt/conda/bin/black",
                "python.formatting.provider": "black",
                "editor.formatOnSave": true,
                "jupyter.jupyterServerType": "local"
            }
        }
    },
    "remoteUser": "user",
    "postCreateCommand": "pip install -r requirements.txt && jupyter lab --generate-config && echo 'c.ServerApp.ip = \"0.0.0.0\"' >> ~/.jupyter/jupyter_lab_config.py",
    "features": {
        "ghcr.io/devcontainers/features/git:1": {},
        "ghcr.io/devcontainers/features/github-cli:1": {}
    }
}
